2025-05-07 18:02:00,19933,19934.5,19921.25,19921.75,113
2025-05-08 23:53:00,20176.0,20181.0,20176.0,20180.25,85
2025-05-08 23:54:00,20179.25,20184.75,20178.75,20184.5,71
2025-05-08 23:55:00,20184.0,20184.5,20179.0,20181.5,84
2025-05-08 23:56:00,20181.75,20187.25,20181.75,20185.0,130
2025-05-08 23:57:00,20184.5,20188.0,20184.0,20187.0,45
2025-05-08 23:58:00,20186.0,20188.0,20184.75,20187.0,34
2025-05-08 23:59:00,20187.25,20189.5,20187.25,20188.25,58
2025-05-09 00:00:00,20186.75,20187.5,20184.5,20184.5,30
2025-05-09 00:01:00,20185.5,20188.75,20184.75,20187.75,46
2025-05-09 00:02:00,20187.75,20192.0,20185.0,20186.5,118
2025-05-09 00:03:00,20186.75,20187.5,20182.5,20184.0,48
2025-05-09 00:04:00,20183.75,20183.75,20181.25,20183.25,36
2025-05-09 00:05:00,20184.25,20188.0,20183.75,20185.5,46
2025-05-09 00:06:00,20186.0,20187.25,20184.5,20187.25,24
2025-05-09 00:07:00,20187.5,20188.5,20185.0,20186.5,31
2025-05-09 00:08:00,20187.75,20188.5,20184.5,20187.0,32
2025-05-09 00:09:00,20188.5,20189.75,20187.0,20187.75,46
2025-05-09 00:10:00,20188.0,20188.25,20186.25,20187.25,16
2025-05-09 00:11:00,20187.5,20188.25,20185.75,20185.75,13
2025-05-09 00:12:00,20186.0,20187.75,20186.0,20186.25,14
2025-05-09 00:13:00,20185.5,20186.75,20184.25,20186.25,28
2025-05-09 00:14:00,20187.0,20187.75,20184.25,20185.25,24
2025-05-09 00:15:00,20185.75,20187.25,20184.25,20186.0,17
2025-05-09 00:16:00,20187.5,20191.25,20185.5,20186.0,102
2025-05-09 00:17:00,20186.75,20188.75,20185.0,20185.0,24
2025-05-09 00:18:00,20184.25,20185.5,20182.5,20183.25,63
2025-05-09 00:19:00,20183.25,20183.5,20176.5,20177.5,98
2025-05-09 00:20:00,20177.75,20180.5,20176.0,20177.0,56
2025-05-09 00:21:00,20176.25,20176.75,20171.0,20171.5,108
2025-05-09 00:22:00,20172.25,20173.75,20170.25,20172.75,67
2025-05-09 00:23:00,20172.75,20174.75,20171.75,20173.75,36
2025-05-09 00:24:00,20174.0,20180.0,20173.5,20177.25,71
2025-05-09 00:25:00,20177.0,20177.25,20173.0,20174.5,47
2025-05-09 00:26:00,20175.0,20178.25,20175.0,20176.75,24
2025-05-09 00:27:00,20176.0,20177.0,20174.5,20174.5,30
2025-05-09 00:28:00,20176.0,20176.0,20174.0,20174.0,12
2025-05-09 00:29:00,20174.0,20178.25,20174.0,20177.0,27
2025-05-09 00:30:00,20178.0,20178.5,20176.75,20177.75,22
2025-05-09 00:31:00,20178.5,20182.0,20176.0,20176.0,91
2025-05-09 00:32:00,20176.25,20177.75,20175.0,20177.75,34
2025-05-09 00:33:00,20177.5,20183.0,20177.5,20177.75,51
2025-05-09 00:34:00,20176.5,20178.25,20174.5,20178.25,49
2025-05-09 00:35:00,20178.25,20180.75,20178.25,20180.5,26
2025-05-09 00:36:00,20181.0,20184.5,20179.25,20184.25,93
2025-05-09 00:37:00,20183.25,20183.5,20179.25,20179.75,39
2025-05-09 00:38:00,20178.75,20179.5,20176.5,20178.5,31
2025-05-09 00:39:00,20179.5,20183.0,20179.25,20182.75,32
2025-05-09 00:40:00,20182.25,20186.0,20182.25,20183.75,41
2025-05-09 00:41:00,20183.75,20183.75,20179.25,20180.5,26
2025-05-09 00:42:00,20179.75,20181.0,20178.25,20178.5,15
2025-05-09 00:43:00,20178.0,20182.75,20178.0,20181.5,26
2025-05-09 00:44:00,20182.25,20184.5,20181.0,20183.25,37
2025-05-09 00:45:00,20184.0,20185.25,20183.5,20184.25,26
2025-05-09 00:46:00,20184.25,20186.75,20184.25,20186.5,16
2025-05-09 00:47:00,20186.0,20194.0,20186.0,20191.25,112
2025-05-09 00:48:00,20190.0,20191.25,20189.0,20191.0,26
2025-05-09 00:49:00,20190.5,20190.75,20188.25,20189.5,29
2025-05-09 00:50:00,20189.0,20189.0,20185.5,20188.25,73
2025-05-09 00:51:00,20189.0,20190.0,20187.0,20188.0,21
2025-05-09 00:52:00,20187.25,20187.5,20185.25,20185.75,25
2025-05-09 00:53:00,20185.5,20189.0,20185.25,20188.5,30
2025-05-09 00:54:00,20188.5,20193.5,20188.0,20192.25,71
2025-05-09 00:55:00,20193.25,20194.0,20191.25,20193.0,28
2025-05-09 00:56:00,20192.5,20192.75,20187.5,20187.5,55
2025-05-09 00:57:00,20187.0,20188.0,20182.25,20184.5,58
2025-05-09 00:58:00,20185.0,20185.0,20180.0,20180.0,43
2025-05-09 00:59:00,20180.0,20182.0,20180.0,20180.75,26
2025-05-09 01:00:00,20181.75,20185.25,20181.75,20183.5,38
2025-05-09 01:01:00,20182.5,20185.25,20181.25,20184.25,28
2025-05-09 01:02:00,20184.25,20184.5,20176.25,20178.75,84
2025-05-09 01:03:00,20176.75,20178.5,20174.25,20178.0,69
2025-05-09 01:04:00,20177.5,20179.5,20176.0,20179.0,44
2025-05-09 01:05:00,20180.25,20180.5,20175.75,20175.75,35
2025-05-09 01:06:00,20175.0,20176.0,20172.25,20173.75,54
2025-05-09 01:07:00,20175.75,20179.75,20175.75,20178.75,58
2025-05-09 01:08:00,20177.0,20177.25,20176.25,20176.75,15
2025-05-09 01:09:00,20177.25,20178.25,20174.5,20176.75,31
2025-05-09 01:10:00,20176.75,20177.25,20172.75,20174.75,61
2025-05-09 01:11:00,20174.75,20178.0,20173.5,20178.0,36
2025-05-09 01:12:00,20178.25,20180.75,20176.75,20178.0,55
2025-05-09 01:13:00,20178.25,20180.0,20174.0,20179.0,57
2025-05-09 01:14:00,20178.75,20183.0,20178.5,20178.5,57
2025-05-09 01:15:00,20178.75,20178.75,20174.75,20175.75,30
2025-05-09 01:16:00,20175.25,20177.75,20171.0,20177.75,108
2025-05-09 01:17:00,20178.0,20185.75,20177.0,20183.0,101
2025-05-09 01:18:00,20183.25,20188.5,20183.25,20184.5,52
2025-05-09 01:19:00,20184.25,20184.5,20181.5,20181.5,31
2025-05-09 01:20:00,20180.75,20180.75,20166.0,20169.25,210
2025-05-09 01:21:00,20169.5,20173.0,20166.75,20167.25,60
2025-05-09 01:22:00,20167.5,20170.0,20162.0,20162.75,50
2025-05-09 01:23:00,20164.0,20168.25,20162.25,20166.0,41
2025-05-09 01:24:00,20165.0,20166.5,20164.25,20165.5,26
2025-05-09 01:25:00,20165.75,20169.25,20165.75,20169.25,24
2025-05-09 01:26:00,20169.0,20169.0,20164.0,20164.0,25
2025-05-09 01:27:00,20164.75,20166.5,20157.25,20159.75,85
2025-05-09 01:28:00,20159.25,20160.75,20156.5,20157.5,79
2025-05-09 01:29:00,20157.25,20163.25,20156.25,20163.0,38
2025-05-09 01:30:00,20164.25,20165.0,20162.75,20163.5,38
2025-05-09 01:31:00,20164.25,20184.0,20163.5,20184.0,458
2025-05-09 01:32:00,20184.25,20191.75,20182.25,20183.25,209
2025-05-09 01:33:00,20183.25,20183.25,20175.5,20178.5,58
2025-05-09 01:34:00,20179.25,20184.25,20178.5,20181.75,43
2025-05-09 01:35:00,20181.25,20181.5,20177.0,20179.5,36
2025-05-09 01:36:00,20177.75,20177.75,20171.0,20175.25,78
2025-05-09 01:37:00,20175.25,20182.75,20171.75,20180.25,46
2025-05-09 01:38:00,20179.25,20182.0,20177.75,20177.75,32
2025-05-09 01:39:00,20177.5,20177.5,20167.25,20171.5,215
2025-05-09 01:40:00,20170.0,20171.0,20165.25,20169.25,124
2025-05-09 01:41:00,20168.5,20170.25,20166.0,20167.0,54
2025-05-09 01:42:00,20166.0,20169.5,20164.5,20169.5,30
2025-05-09 01:43:00,20170.25,20173.0,20168.0,20172.5,56
2025-05-09 01:44:00,20172.75,20177.5,20172.75,20177.5,48
2025-05-09 01:45:00,20177.5,20180.75,20177.5,20178.25,56
2025-05-09 01:46:00,20177.75,20182.0,20177.5,20181.0,83
2025-05-09 01:47:00,20181.0,20181.75,20177.0,20178.0,30
2025-05-09 01:48:00,20178.5,20179.5,20175.0,20176.0,27
2025-05-09 01:49:00,20177.25,20186.25,20177.25,20185.0,80
2025-05-09 01:50:00,20185.5,20188.25,20185.25,20188.0,75
2025-05-09 01:51:00,20188.25,20188.75,20181.0,20185.75,45
2025-05-09 01:52:00,20186.25,20187.0,20183.75,20186.0,36
2025-05-09 01:53:00,20186.5,20189.5,20186.0,20187.5,43
2025-05-09 01:54:00,20187.5,20192.75,20187.25,20188.75,83
2025-05-09 01:55:00,20189.25,20192.0,20189.0,20191.0,39
2025-05-09 01:56:00,20191.25,20202.75,20191.25,20201.0,173
2025-05-09 01:57:00,20201.75,20203.0,20195.75,20197.75,149
2025-05-09 01:58:00,20197.75,20198.25,20191.5,20193.0,104
2025-05-09 01:59:00,20194.25,20195.25,20191.25,20192.25,64
2025-05-09 02:00:00,20192.5,20195.25,20189.5,20192.5,63
2025-05-09 02:01:00,20193.0,20205.75,20193.0,20200.25,213
2025-05-09 02:02:00,20199.0,20200.75,20189.5,20197.75,150
2025-05-09 02:03:00,20196.0,20197.5,20191.0,20195.25,76
2025-05-09 02:04:00,20195.0,20199.25,20193.75,20194.25,32
2025-05-09 02:05:00,20194.0,20197.5,20192.25,20195.0,42
2025-05-09 02:06:00,20194.75,20200.25,20194.5,20199.5,39
2025-05-09 02:07:00,20198.0,20198.0,20193.25,20195.5,40
2025-05-09 02:08:00,20196.5,20198.5,20194.0,20194.0,33
2025-05-09 02:09:00,20194.5,20194.75,20191.5,20193.5,29
2025-05-09 02:10:00,20194.25,20196.75,20193.0,20194.75,50
2025-05-09 02:11:00,20195.25,20196.5,20190.0,20195.0,68
2025-05-09 02:12:00,20196.5,20197.75,20195.0,20195.75,17
2025-05-09 02:13:00,20196.25,20196.25,20192.0,20192.0,17
2025-05-09 02:14:00,20192.25,20192.25,20186.0,20188.75,76
2025-05-09 02:15:00,20188.75,20190.5,20187.5,20188.75,51
2025-05-09 02:16:00,20188.5,20192.75,20186.0,20192.75,79
2025-05-09 02:17:00,20192.75,20192.75,20188.0,20188.75,52
2025-05-09 02:18:00,20188.5,20192.25,20185.0,20188.25,83
2025-05-09 02:19:00,20186.5,20192.75,20186.5,20192.75,17
2025-05-09 02:20:00,20192.5,20193.75,20190.0,20190.25,27
2025-05-09 02:21:00,20195.0,20199.75,20190.75,20197.5,106
2025-05-09 02:22:00,20198.0,20199.75,20192.75,20196.25,65
2025-05-09 02:23:00,20194.75,20195.25,20188.75,20189.5,56
2025-05-09 02:24:00,20189.5,20191.0,20186.5,20187.75,52
2025-05-09 02:25:00,20187.0,20187.75,20185.5,20185.75,19
2025-05-09 02:26:00,20185.5,20187.25,20181.25,20182.5,90
2025-05-09 02:27:00,20182.25,20184.25,20181.25,20184.0,52
2025-05-09 02:28:00,20183.75,20188.75,20183.75,20187.0,67
2025-05-09 02:29:00,20186.0,20188.0,20186.0,20188.0,15
2025-05-09 02:30:00,20187.0,20190.25,20184.5,20184.75,65
2025-05-09 02:31:00,20185.75,20196.75,20185.75,20196.75,122
2025-05-09 02:32:00,20196.25,20199.5,20179.25,20182.5,201
2025-05-09 02:33:00,20183.0,20186.75,20177.0,20179.25,217
2025-05-09 02:34:00,20180.5,20188.25,20180.25,20181.75,71
2025-05-09 02:35:00,20182.75,20183.25,20176.5,20178.0,35
2025-05-09 02:36:00,20177.25,20182.5,20176.75,20180.0,45
2025-05-09 02:37:00,20181.0,20181.0,20174.0,20175.75,52
2025-05-09 02:38:00,20174.75,20177.5,20172.75,20177.5,54
2025-05-09 02:39:00,20176.0,20179.5,20174.25,20178.5,38
2025-05-09 02:40:00,20178.5,20180.5,20178.0,20178.5,30
2025-05-09 02:41:00,20179.0,20182.5,20178.5,20180.0,36
2025-05-09 02:42:00,20180.0,20183.75,20178.75,20183.5,41
2025-05-09 02:43:00,20184.25,20186.0,20182.75,20183.75,41
2025-05-09 02:44:00,20184.75,20194.5,20184.75,20188.5,179
2025-05-09 02:45:00,20188.75,20189.75,20186.25,20188.25,46
2025-05-09 02:46:00,20188.5,20191.75,20187.25,20191.5,40
2025-05-09 02:47:00,20191.0,20193.25,20190.0,20193.25,26
2025-05-09 02:48:00,20193.0,20199.75,20192.5,20197.5,76
2025-05-09 02:49:00,20197.25,20204.25,20197.0,20203.25,128
2025-05-09 02:50:00,20203.0,20203.0,20191.5,20192.75,111
2025-05-09 02:51:00,20191.75,20196.5,20190.0,20190.0,69
2025-05-09 02:52:00,20190.5,20194.5,20190.25,20190.25,55
2025-05-09 02:53:00,20190.75,20192.5,20188.25,20192.5,50
2025-05-09 02:54:00,20192.75,20192.75,20189.75,20191.0,36
2025-05-09 02:55:00,20191.75,20192.25,20184.25,20184.25,59
2025-05-09 02:56:00,20183.75,20187.25,20183.25,20186.25,34
2025-05-09 02:57:00,20186.0,20194.75,20185.0,20188.25,172
2025-05-09 02:58:00,20188.25,20190.5,20184.75,20186.75,45
2025-05-09 02:59:00,20187.25,20191.0,20186.5,20190.75,40
2025-05-09 03:00:00,20190.0,20192.25,20189.25,20191.25,71
2025-05-09 03:01:00,20191.25,20194.0,20186.5,20188.75,178
2025-05-09 03:02:00,20188.0,20189.5,20181.5,20185.25,146
2025-05-09 03:03:00,20183.25,20184.75,20177.0,20177.75,100
2025-05-09 03:04:00,20176.75,20190.0,20176.75,20189.25,221
2025-05-09 03:05:00,20190.0,20190.75,20178.75,20180.75,148
2025-05-09 03:06:00,20180.25,20185.25,20176.25,20183.5,155
2025-05-09 03:07:00,20185.25,20200.0,20185.25,20198.0,218
2025-05-09 03:08:00,20198.0,20198.5,20192.75,20194.0,141
2025-05-09 03:09:00,20193.75,20200.75,20191.0,20191.0,176
2025-05-09 03:10:00,20191.0,20197.5,20190.25,20193.25,98
2025-05-09 03:11:00,20194.5,20200.0,20188.5,20188.5,88
2025-05-09 03:12:00,20188.75,20198.75,20188.75,20197.25,103
2025-05-09 03:13:00,20196.75,20198.5,20191.5,20191.75,72
2025-05-09 03:14:00,20190.0,20190.0,20181.25,20181.25,119
2025-05-09 03:15:00,20181.0,20182.75,20170.0,20171.0,371
2025-05-09 03:16:00,20170.25,20177.25,20170.25,20174.25,209
2025-05-09 03:17:00,20174.5,20178.0,20169.75,20176.5,155
2025-05-09 03:18:00,20175.75,20181.75,20175.75,20178.75,122
2025-05-09 03:19:00,20177.75,20179.25,20167.75,20171.5,185
2025-05-09 03:20:00,20171.25,20180.0,20171.25,20177.5,64
2025-05-09 03:21:00,20177.75,20183.5,20177.5,20179.5,81
2025-05-09 03:22:00,20178.5,20179.75,20176.5,20179.0,68
2025-05-09 03:23:00,20178.75,20181.75,20172.75,20173.5,130
2025-05-09 03:24:00,20173.0,20178.5,20169.5,20175.25,93
2025-05-09 03:25:00,20176.0,20176.5,20173.75,20176.5,62
2025-05-09 03:26:00,20177.75,20180.25,20175.25,20178.0,138
2025-05-09 03:27:00,20177.0,20179.25,20175.75,20178.75,60
2025-05-09 03:28:00,20180.0,20189.0,20178.25,20187.25,139
2025-05-09 03:29:00,20187.75,20188.75,20182.0,20188.5,112
2025-05-09 03:30:00,20188.25,20197.25,20187.25,20197.25,140
2025-05-09 03:31:00,20197.75,20201.75,20193.25,20194.25,152
2025-05-09 03:32:00,20194.5,20194.75,20190.5,20191.5,75
2025-05-09 03:33:00,20191.25,20201.0,20191.25,20199.0,174
2025-05-09 03:34:00,20199.5,20209.0,20199.5,20203.25,289
2025-05-09 03:35:00,20204.25,20210.25,20204.25,20207.75,157
2025-05-09 03:36:00,20207.25,20213.75,20205.5,20207.75,177
2025-05-09 03:37:00,20206.0,20214.0,20204.5,20204.75,155
2025-05-09 03:38:00,20205.5,20210.25,20204.0,20209.25,59
2025-05-09 03:39:00,20211.5,20216.5,20208.25,20210.0,175
2025-05-09 03:40:00,20209.0,20210.75,20204.5,20205.75,84
2025-05-09 03:41:00,20206.0,20210.5,20204.5,20210.5,56
2025-05-09 03:42:00,20210.0,20217.75,20208.25,20216.25,123
2025-05-09 03:43:00,20215.75,20219.5,20214.0,20214.25,94
2025-05-09 03:44:00,20214.0,20217.25,20212.75,20216.75,44
2025-05-09 03:45:00,20217.5,20222.25,20217.5,20221.25,145
2025-05-09 03:46:00,20221.0,20229.0,20220.5,20225.75,340
2025-05-09 03:47:00,20226.75,20229.25,20222.75,20224.75,122
2025-05-09 03:48:00,20224.25,20225.75,20220.0,20220.25,77
2025-05-09 03:49:00,20218.75,20223.25,20218.75,20221.0,67
2025-05-09 03:50:00,20221.5,20226.25,20217.0,20225.75,117
2025-05-09 03:51:00,20225.75,20232.25,20224.75,20227.25,189
2025-05-09 03:52:00,20226.25,20226.5,20216.25,20217.0,139
2025-05-09 03:53:00,20216.25,20216.5,20213.0,20213.25,94
2025-05-09 03:54:00,20213.0,20214.0,20206.75,20211.5,184
2025-05-09 03:55:00,20211.25,20213.5,20210.0,20211.75,77
2025-05-09 03:56:00,20210.5,20212.0,20199.25,20202.0,237
2025-05-09 03:57:00,20202.0,20205.25,20199.5,20201.75,154
2025-05-09 03:58:00,20201.25,20203.75,20198.0,20199.25,127
2025-05-09 03:59:00,20197.5,20197.75,20194.0,20194.25,119
2025-05-09 04:00:00,20193.5,20196.5,20191.75,20193.0,215
2025-05-09 04:01:00,20191.75,20196.25,20187.5,20194.25,272
2025-05-09 04:02:00,20192.5,20197.25,20188.0,20189.25,244
2025-05-09 04:03:00,20189.5,20199.25,20189.25,20196.75,138
2025-05-09 04:04:00,20197.5,20202.0,20193.5,20196.25,173
2025-05-09 04:05:00,20196.0,20197.75,20184.0,20190.0,190
2025-05-09 04:06:00,20191.0,20199.25,20191.0,20198.75,119
2025-05-09 04:07:00,20198.25,20198.25,20189.75,20191.75,104
2025-05-09 04:08:00,20191.0,20191.0,20184.75,20185.75,105
2025-05-09 04:09:00,20186.75,20191.5,20186.75,20190.5,60
2025-05-09 04:10:00,20190.25,20192.5,20188.0,20191.75,46
2025-05-09 04:11:00,20192.0,20195.25,20180.5,20185.0,189
2025-05-09 04:12:00,20184.25,20185.25,20177.25,20185.25,164
2025-05-09 04:13:00,20185.5,20185.75,20182.0,20182.25,70
2025-05-09 04:14:00,20182.25,20183.5,20180.25,20183.5,40
2025-05-09 04:15:00,20182.25,20183.25,20180.0,20180.75,80
2025-05-09 04:16:00,20180.75,20183.5,20179.75,20179.75,88
2025-05-09 04:17:00,20179.0,20179.5,20172.0,20173.0,159
2025-05-09 04:18:00,20171.25,20180.0,20169.0,20178.0,164
2025-05-09 04:19:00,20178.5,20179.75,20175.25,20178.25,132
2025-05-09 04:20:00,20177.0,20178.25,20174.25,20178.25,44
2025-05-09 04:21:00,20178.0,20186.0,20176.5,20178.5,248
2025-05-09 04:22:00,20178.5,20179.0,20175.25,20178.5,73
2025-05-09 04:23:00,20178.75,20183.0,20177.75,20179.25,99
2025-05-09 04:24:00,20178.25,20181.0,20173.0,20178.5,103
2025-05-09 04:25:00,20178.0,20184.75,20178.0,20184.75,69
2025-05-09 04:26:00,20185.75,20187.25,20179.5,20181.25,84
2025-05-09 04:27:00,20181.0,20188.0,20179.0,20186.5,108
2025-05-09 04:28:00,20188.0,20198.5,20187.25,20197.0,236
2025-05-09 04:29:00,20196.25,20199.0,20193.0,20196.75,113
2025-05-09 04:30:00,20195.75,20198.5,20190.5,20192.75,155
2025-05-09 04:31:00,20191.75,20193.0,20188.5,20189.0,54
2025-05-09 04:32:00,20189.5,20192.75,20188.75,20192.25,43
2025-05-09 04:33:00,20192.0,20192.75,20190.5,20192.0,31
2025-05-09 04:34:00,20190.25,20195.5,20189.75,20191.5,55
2025-05-09 04:35:00,20191.25,20191.25,20189.25,20189.75,19
2025-05-09 04:36:00,20189.75,20195.0,20189.75,20189.75,65
2025-05-09 04:37:00,20190.25,20192.75,20189.75,20191.25,78
2025-05-09 04:38:00,20190.25,20190.5,20176.75,20177.0,119
2025-05-09 04:39:00,20177.25,20181.25,20174.0,20180.5,89
2025-05-09 04:40:00,20180.25,20186.0,20180.25,20184.75,61
2025-05-09 04:41:00,20185.5,20185.5,20179.0,20179.0,60
2025-05-09 04:42:00,20178.5,20182.75,20178.25,20180.25,73
2025-05-09 04:43:00,20179.5,20183.0,20176.25,20181.0,87
2025-05-09 04:44:00,20181.0,20181.25,20176.5,20177.0,109
2025-05-09 04:45:00,20177.0,20179.0,20175.0,20179.0,63
2025-05-09 04:46:00,20179.25,20179.25,20174.0,20174.25,57
2025-05-09 04:47:00,20175.0,20177.5,20171.75,20176.5,114
2025-05-09 04:48:00,20176.25,20180.5,20174.5,20176.0,60
2025-05-09 04:49:00,20175.75,20176.0,20172.75,20174.5,52
2025-05-09 04:50:00,20173.0,20174.5,20165.0,20167.75,193
2025-05-09 04:51:00,20169.0,20174.75,20168.75,20171.25,79
2025-05-09 04:52:00,20170.25,20173.0,20168.25,20170.0,25
2025-05-09 04:53:00,20171.25,20176.25,20169.25,20175.0,89
2025-05-09 04:54:00,20175.25,20180.25,20174.75,20179.0,76
2025-05-09 04:55:00,20177.0,20177.5,20171.75,20171.75,50
2025-05-09 04:56:00,20172.5,20175.25,20171.0,20171.0,40
2025-05-09 04:57:00,20170.5,20176.0,20168.5,20175.0,77
2025-05-09 04:58:00,20176.0,20179.75,20174.25,20177.25,91
2025-05-09 04:59:00,20178.25,20180.5,20177.0,20178.25,56
2025-05-09 05:00:00,20178.5,20178.5,20172.25,20174.0,69
2025-05-09 05:01:00,20174.0,20183.75,20172.0,20182.5,113
2025-05-09 05:02:00,20183.25,20184.25,20181.25,20183.25,52
2025-05-09 05:03:00,20182.75,20185.25,20182.75,20183.0,41
2025-05-09 05:04:00,20182.75,20186.0,20182.0,20184.75,64
2025-05-09 05:05:00,20184.0,20187.0,20183.75,20185.25,35
2025-05-09 05:06:00,20187.0,20188.75,20184.75,20187.5,65
2025-05-09 05:07:00,20187.5,20192.25,20187.0,20191.5,104
2025-05-09 05:08:00,20190.75,20191.25,20187.0,20187.5,55
2025-05-09 05:09:00,20187.25,20188.5,20183.5,20184.25,55
2025-05-09 05:10:00,20185.5,20188.75,20185.5,20188.75,28
2025-05-09 05:11:00,20190.0,20192.75,20187.0,20187.5,88
2025-05-09 05:12:00,20187.5,20188.75,20185.25,20186.5,55
2025-05-09 05:13:00,20185.75,20186.25,20182.75,20185.75,67
2025-05-09 05:14:00,20185.75,20186.5,20183.75,20185.5,27
2025-05-09 05:15:00,20187.0,20188.0,20185.5,20187.25,18
2025-05-09 05:16:00,20187.5,20188.25,20186.0,20187.75,40
2025-05-09 05:17:00,20187.75,20189.0,20183.75,20184.75,52
2025-05-09 05:18:00,20185.0,20186.5,20180.5,20180.75,88
2025-05-09 05:19:00,20181.0,20184.0,20176.75,20182.0,150
2025-05-09 05:20:00,20182.25,20189.25,20181.75,20183.75,100
2025-05-09 05:21:00,20185.25,20192.25,20185.25,20191.5,99
2025-05-09 05:22:00,20192.0,20193.0,20185.5,20186.75,47
2025-05-09 05:23:00,20186.75,20189.0,20182.0,20188.25,107
2025-05-09 05:24:00,20189.25,20192.5,20187.0,20192.5,56
2025-05-09 05:25:00,20192.75,20193.0,20190.25,20191.25,25
2025-05-09 05:26:00,20192.0,20192.75,20189.5,20190.0,59
2025-05-09 05:27:00,20190.75,20192.0,20190.25,20190.25,23
2025-05-09 05:28:00,20188.5,20188.5,20181.5,20182.0,61
2025-05-09 05:29:00,20181.5,20183.0,20178.75,20181.5,90
2025-05-09 05:30:00,20181.25,20182.75,20179.75,20181.0,38
2025-05-09 05:31:00,20180.5,20182.0,20173.0,20173.75,103
2025-05-09 05:32:00,20172.25,20177.5,20172.0,20176.25,75
2025-05-09 05:33:00,20176.5,20184.75,20176.5,20183.75,74
2025-05-09 05:34:00,20184.0,20187.25,20181.5,20182.75,109
2025-05-09 05:35:00,20181.5,20183.75,20181.0,20183.25,55
2025-05-09 05:36:00,20183.5,20183.5,20181.0,20183.25,39
2025-05-09 05:37:00,20184.0,20186.75,20183.25,20183.25,43
2025-05-09 05:38:00,20184.5,20188.5,20184.25,20187.5,43
2025-05-09 05:39:00,20188.0,20189.5,20187.5,20189.25,30
2025-05-09 05:40:00,20189.75,20190.75,20187.25,20187.25,30
2025-05-09 05:41:00,20187.5,20194.75,20186.75,20192.25,158
2025-05-09 05:42:00,20192.25,20193.25,20191.0,20191.25,20
2025-05-09 05:43:00,20191.5,20195.25,20190.75,20194.5,57
2025-05-09 05:44:00,20195.25,20196.0,20193.0,20193.5,49
2025-05-09 05:45:00,20193.25,20193.75,20191.0,20192.0,40
2025-05-09 05:46:00,20192.0,20194.5,20192.0,20193.0,58
2025-05-09 05:47:00,20192.75,20194.75,20192.0,20193.25,78
2025-05-09 05:48:00,20193.25,20193.25,20189.0,20190.5,46
2025-05-09 05:49:00,20190.0,20193.75,20187.75,20193.75,71
2025-05-09 05:50:00,20194.0,20197.5,20193.5,20197.5,75
2025-05-09 05:51:00,20198.0,20198.75,20192.0,20195.5,91
2025-05-09 05:52:00,20195.75,20196.0,20190.75,20192.75,36
2025-05-09 05:53:00,20192.5,20194.5,20190.75,20194.25,41
2025-05-09 05:54:00,20194.25,20194.75,20190.0,20192.75,18
2025-05-09 05:55:00,20193.0,20194.75,20191.25,20192.25,23
2025-05-09 05:56:00,20193.5,20194.75,20192.5,20193.75,31
2025-05-09 05:57:00,20194.25,20194.5,20192.75,20193.0,24
2025-05-09 05:58:00,20194.5,20196.25,20194.25,20196.25,23
2025-05-09 05:59:00,20196.5,20199.75,20196.5,20198.25,65
2025-05-09 06:00:00,20197.0,20199.0,20196.25,20198.0,20
2025-05-09 06:01:00,20198.75,20200.75,20196.0,20198.0,97
2025-05-09 06:02:00,20198.5,20207.25,20196.25,20207.0,273
2025-05-09 06:03:00,20207.0,20209.75,20206.5,20208.75,159
2025-05-09 06:04:00,20209.0,20211.25,20208.0,20210.0,92
2025-05-09 06:05:00,20209.75,20211.25,20207.75,20209.0,92
2025-05-09 06:06:00,20209.75,20212.25,20209.0,20209.25,94
2025-05-09 06:07:00,20209.75,20212.5,20209.0,20211.5,60
2025-05-09 06:08:00,20212.0,20213.0,20209.25,20210.5,46
2025-05-09 06:09:00,20211.0,20215.0,20211.0,20214.0,76
2025-05-09 06:10:00,20214.5,20216.25,20213.5,20215.75,82
2025-05-09 06:11:00,20215.25,20219.0,20215.25,20216.5,137
2025-05-09 06:12:00,20217.25,20220.0,20214.75,20218.75,129
2025-05-09 06:13:00,20218.5,20220.0,20217.75,20218.5,56
2025-05-09 06:14:00,20217.75,20218.75,20215.0,20215.5,42
2025-05-09 06:15:00,20215.25,20220.75,20215.25,20220.0,58
2025-05-09 06:16:00,20220.0,20221.0,20215.75,20215.75,68
2025-05-09 06:17:00,20216.25,20217.5,20215.0,20217.5,45
2025-05-09 06:18:00,20218.75,20225.0,20218.75,20225.0,114
2025-05-09 06:19:00,20224.5,20227.25,20222.75,20226.25,67
2025-05-09 06:20:00,20225.25,20227.25,20222.5,20223.0,72
2025-05-09 06:21:00,20223.25,20223.25,20219.25,20219.75,52
2025-05-09 06:22:00,20220.5,20221.25,20217.75,20219.0,78
2025-05-09 06:23:00,20219.0,20220.0,20210.5,20212.25,158
2025-05-09 06:24:00,20211.25,20217.75,20211.25,20215.75,81
2025-05-09 06:25:00,20216.0,20216.5,20213.5,20215.0,61
2025-05-09 06:26:00,20215.5,20216.5,20214.5,20214.5,43
2025-05-09 06:27:00,20214.5,20217.0,20214.0,20216.25,95
2025-05-09 06:28:00,20217.25,20219.5,20216.0,20219.5,51
2025-05-09 06:29:00,20218.75,20220.25,20217.25,20217.5,34
2025-05-09 06:30:00,20217.25,20222.75,20217.25,20221.5,84
2025-05-09 06:31:00,20221.25,20230.75,20220.0,20230.75,157
2025-05-09 06:32:00,20230.5,20234.0,20228.25,20231.75,231
2025-05-09 06:33:00,20232.25,20235.75,20230.5,20233.25,143
2025-05-09 06:34:00,20233.0,20233.0,20229.25,20232.5,92
2025-05-09 06:35:00,20232.25,20236.0,20231.75,20235.0,111
2025-05-09 06:36:00,20234.5,20236.5,20232.75,20234.5,66
2025-05-09 06:37:00,20234.25,20235.25,20233.0,20233.5,86
2025-05-09 06:38:00,20233.75,20233.75,20229.75,20232.25,97
2025-05-09 06:39:00,20232.75,20234.75,20231.5,20231.75,58
2025-05-09 06:40:00,20231.75,20235.25,20231.0,20231.0,49
2025-05-09 06:41:00,20231.25,20236.0,20231.25,20235.5,58
2025-05-09 06:42:00,20235.5,20236.75,20232.75,20233.25,65
2025-05-09 06:43:00,20234.25,20238.0,20231.75,20234.25,134
2025-05-09 06:44:00,20233.5,20233.5,20227.75,20229.75,134
2025-05-09 06:45:00,20230.25,20230.25,20227.0,20228.5,63
2025-05-09 06:46:00,20227.5,20230.5,20223.75,20223.75,99
2025-05-09 06:47:00,20224.25,20230.0,20224.0,20225.75,75
2025-05-09 06:48:00,20225.0,20231.0,20224.5,20227.75,116
2025-05-09 06:49:00,20228.25,20232.75,20226.75,20229.0,88
2025-05-09 06:50:00,20228.25,20231.0,20228.0,20230.5,54
2025-05-09 06:51:00,20230.5,20231.25,20229.5,20230.0,34
2025-05-09 06:52:00,20229.75,20230.0,20226.75,20228.25,33
2025-05-09 06:53:00,20227.75,20229.5,20226.75,20229.25,51
2025-05-09 06:54:00,20229.25,20233.5,20228.75,20231.75,79
2025-05-09 06:55:00,20230.75,20232.25,20226.0,20228.25,86
2025-05-09 06:56:00,20227.5,20233.0,20227.5,20232.75,54
2025-05-09 06:57:00,20232.5,20235.25,20232.0,20233.75,107
2025-05-09 06:58:00,20233.75,20233.75,20226.0,20227.75,90
2025-05-09 06:59:00,20227.25,20230.25,20225.25,20226.0,192
2025-05-09 07:00:00,20225.5,20231.0,20224.25,20230.5,104
2025-05-09 07:01:00,20230.75,20232.75,20222.5,20228.5,266
2025-05-09 07:02:00,20229.0,20230.0,20225.5,20228.5,102
2025-05-09 07:03:00,20229.25,20232.0,20224.5,20224.5,71
2025-05-09 07:04:00,20224.5,20226.25,20221.5,20225.25,87
2025-05-09 07:05:00,20225.0,20225.5,20221.0,20222.0,60
2025-05-09 07:06:00,20221.0,20222.5,20218.5,20220.5,87
2025-05-09 07:07:00,20219.5,20230.5,20217.5,20230.25,165
2025-05-09 07:08:00,20231.0,20236.5,20231.0,20232.75,132
2025-05-09 07:09:00,20233.0,20235.25,20230.75,20233.0,88
2025-05-09 07:10:00,20234.25,20235.75,20230.0,20233.5,122
2025-05-09 07:11:00,20234.0,20242.0,20232.75,20241.0,180
2025-05-09 07:12:00,20241.0,20243.75,20238.75,20239.75,272
2025-05-09 07:13:00,20238.75,20243.5,20237.75,20240.25,112
2025-05-09 07:14:00,20240.5,20243.75,20237.5,20243.25,75
2025-05-09 07:15:00,20242.25,20244.0,20241.75,20242.25,57
2025-05-09 07:16:00,20242.75,20244.5,20241.25,20241.75,67
2025-05-09 07:17:00,20242.25,20244.25,20241.5,20243.75,57
2025-05-09 07:18:00,20244.5,20246.75,20243.75,20246.0,87
2025-05-09 07:19:00,20245.75,20246.0,20243.0,20245.5,60
2025-05-09 07:20:00,20244.5,20244.75,20242.5,20243.25,72
2025-05-09 07:21:00,20243.25,20243.25,20237.5,20238.25,98
2025-05-09 07:22:00,20239.0,20241.0,20238.5,20238.5,107
2025-05-09 07:23:00,20238.0,20242.0,20236.75,20241.0,99
2025-05-09 07:24:00,20242.0,20243.0,20240.5,20241.25,43
2025-05-09 07:25:00,20241.5,20242.75,20239.25,20242.75,95
2025-05-09 07:26:00,20241.5,20244.25,20241.5,20243.5,73
2025-05-09 07:27:00,20243.25,20288.75,20152.25,20163.5,3488
2025-05-09 07:28:00,20164.75,20192.0,20140.0,20184.25,1871
2025-05-09 07:29:00,20183.5,20197.5,20166.0,20191.0,674
2025-05-09 07:30:00,20193.5,20209.75,20193.5,20203.75,522
2025-05-09 07:31:00,20203.0,20203.0,20177.25,20180.25,1199
2025-05-09 07:32:00,20180.0,20213.5,20176.25,20188.5,659
2025-05-09 07:33:00,20188.75,20191.0,20177.0,20187.25,306
2025-05-09 07:34:00,20187.0,20211.0,20185.0,20203.0,607
2025-05-09 07:35:00,20202.25,20203.25,20173.25,20174.0,632
2025-05-09 07:36:00,20174.5,20190.5,20173.5,20185.75,353
2025-05-09 07:37:00,20186.75,20187.5,20170.5,20174.25,428
2025-05-09 07:38:00,20174.75,20177.5,20164.5,20166.0,321
2025-05-09 07:39:00,20165.25,20172.5,20151.75,20152.5,383
2025-05-09 07:40:00,20153.0,20168.5,20149.5,20167.75,441
2025-05-09 07:41:00,20168.0,20170.0,20157.0,20169.0,419
2025-05-09 07:42:00,20167.75,20172.5,20160.5,20171.25,269
2025-05-09 07:43:00,20172.75,20189.25,20172.75,20186.75,390
2025-05-09 07:44:00,20186.25,20194.25,20183.0,20191.25,249
2025-05-09 07:45:00,20191.75,20202.0,20191.75,20196.75,244
2025-05-09 07:46:00,20196.75,20211.0,20196.0,20211.0,344
2025-05-09 07:47:00,20212.0,20222.0,20210.0,20219.25,488
2025-05-09 07:48:00,20219.0,20227.5,20216.0,20226.25,475
2025-05-09 07:49:00,20227.25,20229.5,20217.25,20218.5,285
2025-05-09 07:50:00,20219.0,20223.75,20212.75,20213.5,167
2025-05-09 07:51:00,20212.75,20217.75,20208.0,20213.25,247
2025-05-09 07:52:00,20213.0,20221.0,20209.0,20211.75,262
2025-05-09 07:53:00,20211.0,20213.25,20206.75,20209.0,156
2025-05-09 07:54:00,20209.5,20212.5,20203.5,20212.25,202
2025-05-09 07:55:00,20211.5,20215.0,20202.5,20208.25,143
2025-05-09 07:56:00,20208.25,20215.75,20205.25,20212.0,176
2025-05-09 07:57:00,20212.0,20216.75,20209.0,20211.0,83
2025-05-09 07:58:00,20212.0,20215.25,20207.25,20212.25,170
2025-05-09 07:59:00,20212.5,20214.25,20207.75,20213.25,72
2025-05-09 08:00:00,20214.0,20214.25,20205.25,20206.5,108
2025-05-09 08:01:00,20205.5,20210.75,20195.0,20210.0,465
2025-05-09 08:02:00,20209.75,20219.25,20208.0,20211.0,243
2025-05-09 08:03:00,20211.25,20216.0,20206.5,20207.25,181
2025-05-09 08:04:00,20206.5,20210.75,20199.5,20204.5,264
2025-05-09 08:05:00,20203.75,20221.75,20202.5,20221.0,218
2025-05-09 08:06:00,20220.25,20229.5,20219.0,20227.25,354
2025-05-09 08:07:00,20228.0,20234.25,20225.25,20225.75,260
2025-05-09 08:08:00,20227.0,20231.5,20222.5,20223.5,253
2025-05-09 08:09:00,20225.0,20228.0,20219.75,20220.75,222
2025-05-09 08:10:00,20220.75,20224.25,20216.25,20217.75,119
2025-05-09 08:11:00,20217.5,20218.0,20208.0,20210.0,227
2025-05-09 08:12:00,20210.0,20213.25,20205.0,20211.75,204
2025-05-09 08:13:00,20211.75,20212.75,20207.5,20212.0,152
2025-05-09 08:14:00,20213.0,20214.5,20204.0,20204.5,212
2025-05-09 08:15:00,20204.25,20209.0,20202.25,20205.5,135
2025-05-09 08:16:00,20204.75,20208.5,20200.5,20207.5,173
2025-05-09 08:17:00,20207.0,20213.75,20204.75,20211.0,166
2025-05-09 08:18:00,20212.25,20215.5,20209.75,20214.0,162
2025-05-09 08:19:00,20213.0,20215.0,20208.75,20212.75,95
2025-05-09 08:20:00,20213.0,20214.5,20209.0,20212.0,109
2025-05-09 08:21:00,20211.0,20216.0,20205.25,20207.0,268
2025-05-09 08:22:00,20206.5,20212.25,20204.25,20212.25,188
2025-05-09 08:23:00,20211.75,20217.0,20209.0,20215.25,127
2025-05-09 08:24:00,20216.5,20217.25,20210.5,20214.5,124
2025-05-09 08:25:00,20214.75,20215.0,20211.25,20212.75,106
2025-05-09 08:26:00,20214.0,20216.5,20203.5,20206.0,167
2025-05-09 08:27:00,20205.0,20206.75,20201.5,20205.0,130
2025-05-09 08:28:00,20204.25,20205.25,20199.75,20200.5,120
2025-05-09 08:29:00,20200.25,20203.75,20197.25,20197.75,212
2025-05-09 08:30:00,20197.25,20202.5,20197.25,20200.25,216
2025-05-09 08:31:00,20200.0,20207.5,20198.0,20206.5,196
2025-05-09 08:32:00,20207.0,20216.5,20205.75,20216.5,296
2025-05-09 08:33:00,20215.75,20220.75,20215.0,20220.0,212
2025-05-09 08:34:00,20220.5,20225.75,20219.5,20224.5,258
2025-05-09 08:35:00,20223.75,20229.75,20221.25,20228.0,178
2025-05-09 08:36:00,20228.75,20232.0,20223.0,20229.0,315
2025-05-09 08:37:00,20230.0,20233.0,20227.0,20228.0,264
2025-05-09 08:38:00,20229.0,20231.0,20227.5,20228.5,179
2025-05-09 08:39:00,20229.0,20231.0,20228.0,20229.5,175
2025-05-09 08:40:00,20229.25,20239.5,20226.25,20238.0,789
2025-05-09 08:41:00,20238.25,20239.25,20233.5,20235.5,229
2025-05-09 08:42:00,20236.0,20239.0,20231.75,20234.25,238
2025-05-09 08:43:00,20234.0,20238.0,20231.0,20232.5,175
2025-05-09 08:44:00,20232.25,20256.0,20227.75,20232.75,1528
2025-05-09 08:45:00,20232.75,20236.0,20229.25,20232.25,262
2025-05-09 08:46:00,20233.5,20234.75,20229.75,20233.0,180
2025-05-09 08:47:00,20234.0,20234.0,20229.0,20231.5,139
2025-05-09 08:48:00,20231.5,20238.5,20231.25,20236.75,162
2025-05-09 08:49:00,20237.25,20239.5,20232.5,20233.25,173
2025-05-09 08:50:00,20233.0,20238.0,20232.0,20236.0,156
2025-05-09 08:51:00,20236.5,20236.75,20226.0,20227.5,160
2025-05-09 08:52:00,20227.0,20232.5,20227.0,20229.75,138
2025-05-09 08:53:00,20229.5,20234.25,20228.25,20228.25,90
2025-05-09 08:54:00,20228.0,20232.0,20227.0,20231.75,76
2025-05-09 08:55:00,20231.25,20234.0,20231.0,20233.25,70
2025-05-09 08:56:00,20233.25,20233.25,20229.5,20232.25,61
2025-05-09 08:57:00,20232.0,20235.75,20232.0,20234.0,111
2025-05-09 08:58:00,20235.0,20237.25,20234.0,20235.0,112
2025-05-09 08:59:00,20234.75,20236.5,20233.25,20235.75,99
2025-05-09 09:00:00,20235.25,20235.5,20231.0,20232.25,69
2025-05-09 09:01:00,20232.75,20240.25,20232.5,20236.25,286
2025-05-09 09:02:00,20236.0,20246.5,20235.5,20246.0,277
2025-05-09 09:03:00,20246.25,20251.0,20246.25,20249.5,311
2025-05-09 09:04:00,20249.5,20255.75,20249.5,20252.0,453
2025-05-09 09:05:00,20252.5,20257.5,20252.5,20255.75,190
2025-05-09 09:06:00,20255.75,20257.5,20252.0,20252.25,258
2025-05-09 09:07:00,20252.5,20256.25,20252.25,20254.0,216
2025-05-09 09:08:00,20254.5,20255.25,20249.75,20250.5,289
2025-05-09 09:09:00,20250.5,20255.75,20249.0,20252.5,285
2025-05-09 09:10:00,20252.5,20254.5,20246.75,20247.0,235
2025-05-09 09:11:00,20247.75,20252.5,20247.25,20249.25,153
2025-05-09 09:12:00,20249.25,20249.5,20247.75,20248.5,62
2025-05-09 09:13:00,20248.0,20250.75,20247.75,20250.25,119
2025-05-09 09:14:00,20251.0,20252.0,20248.0,20250.75,175
2025-05-09 09:15:00,20251.25,20254.0,20247.5,20248.25,213
2025-05-09 09:16:00,20248.5,20254.25,20247.5,20248.25,196
2025-05-09 09:17:00,20247.75,20247.75,20242.25,20243.75,286
2025-05-09 09:18:00,20243.25,20250.25,20242.5,20249.25,161
2025-05-09 09:19:00,20249.25,20252.0,20243.5,20244.25,165
2025-05-09 09:20:00,20244.0,20246.5,20239.75,20246.25,205
2025-05-09 09:21:00,20246.25,20248.5,20242.0,20243.5,182
2025-05-09 09:22:00,20244.0,20251.0,20242.25,20250.0,128
2025-05-09 09:23:00,20250.5,20251.25,20245.75,20248.5,150
2025-05-09 09:24:00,20249.0,20249.0,20246.0,20247.5,100
2025-05-09 09:25:00,20247.75,20248.0,20243.75,20246.25,223
2025-05-09 09:26:00,20246.5,20248.5,20236.25,20237.5,375
2025-05-09 09:27:00,20237.5,20239.25,20231.5,20233.75,371
2025-05-09 09:28:00,20233.5,20238.75,20233.0,20235.75,376
2025-05-09 09:29:00,20235.75,20239.5,20227.25,20228.75,564
2025-05-09 09:30:00,20228.75,20229.25,20224.0,20226.75,662
2025-05-09 09:31:00,20227.0,20259.0,20226.25,20252.25,3261
2025-05-09 09:32:00,20252.25,20254.5,20229.0,20236.25,2160
2025-05-09 09:38:00,20265.5,20274.75,20262.75,20272.75,1301
2025-05-09 09:39:00,20272.75,20279.75,20266.5,20270.5,1435
2025-05-09 09:40:00,20271.25,20273.75,20255.5,20257.5,1554
2025-05-09 09:41:00,20256.75,20259.25,20237.5,20248.75,2120
2025-05-09 09:42:00,20248.25,20257.5,20237.0,20248.0,1486
2025-05-09 09:43:00,20248.0,20261.0,20239.0,20244.75,1182
2025-05-09 09:44:00,20244.5,20247.25,20235.5,20238.0,1351
2025-05-09 09:45:00,20239.5,20241.25,20221.5,20227.25,1811
2025-05-09 09:46:00,20227.5,20236.0,20220.0,20225.25,1582
2025-05-09 09:47:00,20225.75,20243.75,20225.0,20243.25,1138
2025-05-09 09:48:00,20243.75,20247.25,20232.25,20243.5,1024
2025-05-09 09:49:00,20244.25,20249.75,20236.0,20243.25,692
2025-05-09 09:50:00,20242.75,20248.75,20234.0,20240.75,824
2025-05-09 09:51:00,20240.5,20245.0,20230.75,20240.0,864
2025-05-09 09:52:00,20238.25,20239.75,20224.25,20235.5,851
2025-05-09 09:53:00,20235.0,20236.5,20205.75,20208.0,1948
2025-05-09 09:54:00,20207.75,20222.0,20204.75,20217.25,1175
2025-05-09 09:55:00,20217.25,20230.75,20211.5,20228.25,991
2025-05-09 09:56:00,20227.75,20241.5,20226.5,20235.75,1230
2025-05-09 09:57:00,20236.25,20241.5,20226.5,20233.75,673
2025-05-09 09:58:00,20231.75,20246.5,20226.5,20241.0,856
2025-05-09 09:59:00,20240.5,20260.25,20240.25,20256.25,1384
2025-05-09 10:00:00,20257.0,20260.0,20248.75,20254.25,868
2025-05-09 10:01:00,20254.0,20256.0,20245.25,20255.0,1083
2025-05-09 10:02:00,20254.0,20265.25,20252.25,20253.5,1177
2025-05-09 10:03:00,20253.75,20265.5,20252.75,20263.5,882
2025-05-09 10:04:00,20263.5,20266.75,20256.25,20262.5,715
2025-05-09 10:05:00,20263.0,20263.75,20246.25,20261.25,1014
2025-05-09 10:06:00,20261.0,20263.75,20231.25,20246.5,1618
2025-05-09 10:07:00,20246.25,20268.5,20241.75,20266.5,1096
2025-05-09 10:12:00,20258.75,20259.0,20243.0,20246.25,982
2025-05-09 10:13:00,20246.5,20261.25,20239.5,20246.0,976
2025-05-09 10:14:00,20246.0,20252.5,20241.0,20248.5,700
2025-05-09 10:15:00,20248.5,20253.75,20242.5,20252.75,641
2025-05-09 10:16:00,20252.5,20254.25,20236.0,20237.25,838
2025-05-09 10:17:00,20237.25,20248.5,20235.5,20244.0,823
2025-05-09 10:18:00,20244.0,20248.75,20227.0,20234.0,1043
2025-05-09 10:19:00,20233.75,20233.75,20220.0,20226.0,1089
2025-05-09 10:20:00,20226.75,20228.75,20201.5,20205.75,1616
2025-05-09 10:21:00,20205.0,20210.5,20193.25,20198.0,2235
2025-05-09 10:22:00,20198.25,20209.0,20190.0,20207.0,1287
2025-05-09 10:23:00,20206.75,20206.75,20188.75,20195.75,1050
2025-05-09 10:24:00,20195.5,20197.25,20184.25,20188.25,1003
2025-05-09 10:25:00,20188.25,20188.25,20177.0,20179.5,1231
2025-05-09 10:26:00,20179.25,20191.0,20176.25,20178.75,1073
2025-05-09 10:32:00,20147.0,20151.5,20131.25,20139.25,1948
2025-05-09 10:33:00,20140.5,20148.75,20134.25,20140.25,952
2025-05-09 10:34:00,20139.0,20146.5,20135.25,20144.25,756
2025-05-09 10:35:00,20144.0,20145.5,20117.25,20127.5,2819
2025-05-09 10:36:00,20126.5,20129.0,20089.25,20104.0,4138
2025-05-09 10:37:00,20103.25,20109.0,20078.5,20087.75,2237
2025-05-09 10:38:00,20086.5,20096.0,20076.25,20078.25,1480
2025-05-09 10:39:00,20078.25,20081.5,20060.25,20063.25,2013
2025-05-09 10:40:00,20063.75,20081.0,20058.0,20078.5,1512
2025-05-09 10:41:00,20077.5,20094.25,20060.5,20083.0,1959
2025-05-09 10:42:00,20082.0,20088.25,20069.0,20083.75,1120
2025-05-09 10:43:00,20083.0,20102.5,20069.5,20101.75,1272
2025-05-09 10:44:00,20101.5,20112.0,20075.25,20089.0,2169
2025-05-09 10:45:00,20088.0,20112.0,20085.0,20109.75,1171
2025-05-09 10:46:00,20110.25,20114.25,20103.0,20111.25,1278
2025-05-09 10:47:00,20111.0,20118.0,20101.0,20101.5,1052
2025-05-09 10:48:00,20101.75,20109.5,20095.0,20099.0,1128
2025-05-09 10:49:00,20097.25,20117.75,20093.25,20117.75,911
2025-05-09 10:50:00,20117.5,20129.25,20117.5,20125.25,1773
2025-05-09 10:51:00,20125.5,20127.75,20120.75,20127.75,864
2025-05-09 10:52:00,20127.25,20141.75,20127.0,20140.0,1544
2025-05-09 10:53:00,20139.75,20142.0,20126.0,20129.5,999
2025-05-09 10:54:00,20129.75,20132.5,20110.0,20110.25,1140
2025-05-09 10:55:00,20110.5,20117.5,20097.75,20116.75,1558
2025-05-09 10:56:00,20116.75,20123.75,20109.75,20118.5,1150
2025-05-09 10:57:00,20118.5,20136.0,20114.5,20134.5,1153
2025-05-09 10:58:00,20135.0,20139.75,20124.0,20138.75,998
2025-05-09 10:59:00,20138.0,20146.75,20135.25,20142.5,1231
2025-05-09 11:00:00,20142.75,20146.0,20135.5,20142.0,764
2025-05-09 11:01:00,20142.75,20146.0,20126.0,20145.0,1190
2025-05-09 11:02:00,20145.0,20150.25,20135.75,20141.5,1065
2025-05-09 11:03:00,20141.5,20153.0,20138.25,20145.25,974
2025-05-09 11:04:00,20145.0,20152.0,20140.0,20151.75,758
2025-05-09 11:05:00,20151.75,20165.0,20151.25,20163.25,1452
2025-05-09 11:06:00,20163.5,20167.5,20158.0,20166.25,848
2025-05-09 11:07:00,20166.0,20168.0,20161.75,20165.5,538
2025-05-09 11:08:00,20166.0,20172.25,20164.25,20172.25,620
2025-05-09 11:09:00,20172.5,20176.25,20166.25,20167.75,844
2025-05-09 11:10:00,20167.25,20173.25,20167.25,20170.0,446
2025-05-09 11:11:00,20170.25,20171.0,20150.75,20152.75,1344
2025-05-09 11:12:00,20152.25,20159.0,20129.5,20154.5,2152
2025-05-09 11:13:00,20155.0,20158.25,20138.75,20140.0,858
2025-05-09 11:14:00,20140.25,20154.0,20134.75,20147.75,813
2025-05-09 11:15:00,20148.5,20156.75,20147.5,20154.75,625
2025-05-09 11:16:00,20154.0,20157.75,20138.0,20149.25,1021
2025-05-09 11:17:00,20148.5,20155.25,20142.75,20151.5,576
2025-05-09 11:18:00,20151.75,20161.0,20146.75,20159.75,556
2025-05-09 11:19:00,20160.75,20171.75,20160.0,20164.0,970
2025-05-09 11:20:00,20163.25,20164.5,20153.5,20156.25,548
2025-05-09 11:21:00,20156.0,20158.25,20140.25,20144.75,817
2025-05-09 11:22:00,20144.25,20144.25,20123.5,20135.75,1233
2025-05-09 11:23:00,20137.0,20137.0,20121.75,20134.25,1108
2025-05-09 11:24:00,20134.25,20135.0,20119.25,20125.25,656
2025-05-09 11:25:00,20125.5,20130.25,20118.75,20123.0,772
2025-05-09 11:26:00,20123.75,20137.25,20114.5,20126.5,1170
2025-05-09 11:27:00,20126.75,20133.75,20114.0,20120.25,1020
2025-05-09 11:28:00,20121.0,20131.0,20109.25,20124.5,1054
2025-05-09 11:29:00,20125.75,20134.75,20124.5,20132.0,570
2025-05-09 11:30:00,20131.75,20141.25,20128.75,20133.75,651
2025-05-09 11:31:00,20133.25,20133.75,20113.75,20121.75,945
2025-05-09 11:32:00,20122.25,20125.5,20103.0,20105.25,904
2025-05-09 11:33:00,20105.75,20123.5,20104.0,20123.5,826
2025-05-09 11:34:00,20122.75,20124.0,20112.25,20118.5,447
2025-05-09 11:35:00,20117.75,20143.75,20117.5,20143.5,959
2025-05-09 11:36:00,20143.5,20154.25,20142.25,20149.5,1087
2025-05-09 11:37:00,20149.25,20152.75,20129.0,20135.0,1292
2025-05-09 11:38:00,20134.5,20138.0,20124.25,20137.25,842
2025-05-09 11:39:00,20137.0,20141.25,20128.75,20140.0,423
2025-05-09 11:40:00,20140.25,20143.25,20125.25,20129.25,625
2025-05-09 11:41:00,20129.5,20130.25,20114.25,20120.25,1139
2025-05-09 11:42:00,20121.25,20134.25,20118.0,20131.0,764
2025-05-09 11:43:00,20130.0,20134.0,20121.25,20126.0,464
2025-05-09 11:44:00,20125.5,20138.25,20122.0,20133.75,512
2025-05-09 11:45:00,20134.25,20136.5,20125.25,20132.0,588
2025-05-09 11:46:00,20132.25,20146.25,20123.5,20144.0,1544
2025-05-09 11:47:00,20144.25,20149.0,20132.0,20140.75,836
2025-05-09 11:48:00,20141.0,20146.25,20134.75,20141.75,478
2025-05-09 11:49:00,20141.5,20153.25,20138.25,20141.75,793
2025-05-09 11:50:00,20142.0,20143.25,20126.75,20142.25,833
2025-05-09 11:51:00,20142.5,20163.5,20134.5,20153.75,2556
2025-05-09 11:52:00,20154.25,20161.25,20153.0,20159.5,632
2025-05-09 11:53:00,20159.75,20163.5,20156.25,20158.0,732
2025-05-09 11:54:00,20160.0,20167.0,20158.25,20165.0,876
2025-05-09 11:55:00,20165.0,20166.25,20148.25,20149.5,898
2025-05-09 11:56:00,20149.25,20155.5,20146.0,20152.25,583
2025-05-09 11:57:00,20153.25,20158.25,20152.5,20155.75,383
2025-05-09 11:58:00,20156.5,20162.75,20154.25,20159.5,545
2025-05-09 11:59:00,20159.25,20165.5,20159.25,20165.25,474
2025-05-09 12:00:00,20165.5,20171.25,20163.25,20169.75,867
2025-05-09 12:01:00,20170.25,20174.75,20159.75,20164.75,922
2025-05-09 12:02:00,20164.75,20165.75,20155.25,20162.25,641
2025-05-09 12:03:00,20162.75,20162.75,20151.25,20153.5,516
2025-05-09 12:04:00,20154.0,20157.0,20132.75,20134.75,1108
2025-05-09 12:05:00,20134.75,20135.5,20108.25,20108.25,1274
2025-05-09 12:06:00,20108.5,20126.0,20105.25,20122.5,1121
2025-05-09 12:07:00,20122.25,20127.25,20111.75,20124.75,766
2025-05-09 12:08:00,20124.75,20128.0,20111.5,20112.5,685
2025-05-09 12:09:00,20112.5,20115.75,20106.75,20109.75,845
2025-05-09 12:10:00,20109.75,20110.5,20096.25,20099.75,947
2025-05-09 12:11:00,20100.5,20105.0,20088.0,20090.5,892
2025-05-09 12:12:00,20091.25,20094.25,20083.5,20089.25,1044
2025-05-09 12:13:00,20089.75,20091.0,20076.25,20091.0,1042
2025-05-09 12:14:00,20090.0,20104.0,20084.5,20102.75,1031
2025-05-09 12:15:00,20103.5,20112.0,20102.0,20110.5,782
2025-05-09 12:16:00,20110.75,20116.75,20102.75,20115.0,796
2025-05-09 12:17:00,20115.0,20115.5,20094.5,20094.5,808
2025-05-09 12:18:00,20094.75,20109.75,20094.0,20108.25,628
2025-05-09 12:19:00,20106.75,20113.25,20100.25,20106.25,531
2025-05-09 12:20:00,20106.75,20125.0,20105.75,20111.75,1271
2025-05-09 12:21:00,20111.75,20125.0,20108.0,20113.25,905
2025-05-09 12:22:00,20113.25,20121.75,20113.0,20114.5,409
2025-05-09 12:23:00,20115.25,20119.5,20111.0,20115.75,330
2025-05-09 12:24:00,20115.0,20123.5,20111.75,20112.5,388
2025-05-09 12:25:00,20113.25,20124.5,20111.75,20118.75,451
2025-05-09 12:26:00,20116.75,20118.75,20113.0,20115.5,289
2025-05-09 12:27:00,20114.75,20115.0,20099.0,20107.75,874
2025-05-09 12:28:00,20107.5,20111.75,20102.0,20106.5,499
2025-05-09 12:29:00,20106.25,20108.25,20103.0,20105.25,261
2025-05-09 12:30:00,20104.5,20107.5,20099.75,20101.0,405
2025-05-09 12:31:00,20102.0,20116.25,20094.25,20113.25,1207
2025-05-09 12:32:00,20112.5,20114.5,20097.0,20098.75,914
2025-05-09 12:33:00,20098.75,20107.0,20094.5,20102.25,630
2025-05-09 12:34:00,20102.0,20102.5,20091.0,20096.5,496
2025-05-09 12:35:00,20096.25,20103.25,20093.25,20102.75,297
2025-05-09 12:36:00,20103.5,20112.5,20103.25,20112.0,659
2025-05-09 12:37:00,20111.25,20129.5,20111.25,20124.5,1126
2025-05-09 12:38:00,20124.5,20132.25,20123.0,20131.25,798
2025-05-09 12:39:00,20131.0,20132.0,20122.5,20123.25,389
2025-05-09 12:40:00,20123.0,20124.5,20106.25,20108.75,839
2025-05-09 12:41:00,20108.75,20123.0,20107.0,20116.75,605
2025-05-09 12:42:00,20115.75,20121.75,20113.5,20116.75,364
2025-05-09 12:43:00,20117.0,20119.0,20110.25,20113.25,396
2025-05-09 12:44:00,20112.75,20116.5,20107.5,20110.0,383
2025-05-09 12:45:00,20110.25,20116.25,20107.0,20108.25,387
2025-05-09 12:46:00,20107.25,20107.5,20094.25,20103.25,906
2025-05-09 12:47:00,20102.75,20107.25,20098.0,20099.75,463
2025-05-09 12:48:00,20099.25,20107.0,20098.25,20103.5,317
2025-05-09 12:49:00,20103.25,20105.75,20080.25,20082.5,917
2025-05-09 12:50:00,20082.5,20087.0,20072.0,20086.0,1594
2025-05-09 12:51:00,20085.75,20090.0,20079.5,20080.5,690
2025-05-09 12:52:00,20080.0,20093.25,20078.0,20091.0,643
2025-05-09 12:53:00,20091.5,20095.75,20079.75,20087.25,511
2025-05-09 12:54:00,20087.5,20093.0,20085.25,20089.75,305
2025-05-09 12:55:00,20090.0,20107.75,20087.0,20106.5,870
2025-05-09 12:56:00,20106.0,20113.25,20094.75,20100.25,936
2025-05-09 12:57:00,20101.75,20103.25,20095.5,20100.0,482
2025-05-09 12:58:00,20098.75,20100.5,20087.75,20093.0,564
2025-05-09 12:59:00,20093.25,20096.25,20083.25,20090.75,492
2025-05-09 13:00:00,20089.75,20091.0,20085.75,20087.75,235
2025-05-09 13:01:00,20088.25,20093.25,20084.5,20091.75,541
2025-05-09 13:02:00,20091.5,20099.25,20089.5,20098.0,490
2025-05-09 13:03:00,20097.0,20101.0,20090.25,20091.0,453
2025-05-09 13:04:00,20090.5,20096.75,20089.25,20093.25,277
2025-05-09 13:05:00,20093.25,20095.75,20087.25,20090.75,287
2025-05-09 13:06:00,20091.5,20093.0,20073.0,20083.5,938
2025-05-09 13:07:00,20083.75,20091.0,20080.0,20090.0,483
2025-05-09 13:08:00,20090.5,20094.75,20084.5,20087.0,437
2025-05-09 13:09:00,20085.75,20088.5,20080.5,20086.0,347
2025-05-09 13:10:00,20086.0,20100.5,20085.0,20100.5,470
2025-05-09 13:11:00,20100.75,20116.75,20097.25,20115.75,1192
2025-05-09 13:12:00,20115.0,20115.25,20104.0,20107.25,667
2025-05-09 13:13:00,20107.0,20111.75,20105.5,20109.75,341
2025-05-09 13:14:00,20110.25,20110.25,20097.0,20103.0,633
2025-05-09 13:15:00,20102.75,20103.25,20081.0,20083.25,808
2025-05-09 13:16:00,20083.0,20096.0,20082.5,20095.0,500
2025-05-09 13:17:00,20095.25,20109.5,20094.25,20109.0,594
2025-05-09 13:18:00,20109.0,20113.0,20102.25,20109.0,547
2025-05-09 13:19:00,20109.75,20116.25,20108.25,20109.75,588
2025-05-09 13:20:00,20110.0,20114.75,20105.75,20107.75,371
2025-05-09 13:21:00,20108.25,20113.5,20099.0,20101.25,586
2025-05-09 13:22:00,20100.0,20107.75,20097.0,20105.5,555
2025-05-09 13:23:00,20104.75,20113.25,20061.5,20107.25,3341
2025-05-09 13:24:00,20108.0,20127.25,20093.75,20094.25,1411
2025-05-09 13:25:00,20094.5,20113.75,20090.0,20111.0,1003
2025-05-09 13:26:00,20110.75,20123.75,20110.0,20122.0,523
2025-05-09 13:27:00,20120.75,20125.0,20113.0,20122.0,640
2025-05-09 13:28:00,20123.25,20123.25,20108.25,20113.0,494
2025-05-09 13:29:00,20112.25,20116.25,20102.5,20103.75,502
2025-05-09 13:30:00,20103.0,20109.5,20102.75,20103.75,330
2025-05-09 13:31:00,20104.25,20111.25,20091.75,20093.0,834
2025-05-09 13:32:00,20092.5,20103.75,20091.5,20096.25,530
2025-05-09 13:33:00,20095.75,20100.25,20093.5,20097.5,246
2025-05-09 13:34:00,20096.5,20099.0,20087.5,20094.75,530
2025-05-09 13:35:00,20094.0,20102.75,20092.5,20101.0,387
2025-05-09 13:36:00,20101.0,20114.5,20100.0,20110.5,638
2025-05-09 13:37:00,20111.25,20118.25,20110.75,20113.5,423
2025-05-09 13:46:00,20137.25,20144.5,20135.0,20139.0,759
2025-05-09 13:47:00,20139.0,20145.25,20138.5,20142.5,338
2025-05-09 13:48:00,20142.75,20150.0,20141.75,20145.0,765
2025-05-09 13:49:00,20145.25,20148.0,20144.0,20145.25,255
2025-05-09 13:50:00,20145.25,20150.25,20145.25,20147.5,402
2025-05-09 13:51:00,20147.75,20148.75,20140.25,20141.25,656
2025-05-09 13:52:00,20141.0,20141.25,20127.75,20138.75,1046
2025-05-09 13:53:00,20138.75,20141.25,20130.75,20134.75,363
2025-05-09 13:54:00,20134.25,20142.25,20130.0,20141.5,548
2025-05-09 13:55:00,20141.5,20147.5,20139.5,20141.25,572
2025-05-09 13:56:00,20141.75,20145.5,20137.5,20145.0,314
2025-05-09 13:57:00,20144.75,20148.75,20141.75,20144.0,305
2025-05-09 13:58:00,20144.25,20155.0,20144.25,20153.75,603
2025-05-09 13:59:00,20153.75,20161.0,20153.25,20158.75,704
2025-05-09 14:06:00,20143.25,20143.5,20135.5,20138.75,799
2025-05-09 14:07:00,20139.0,20150.5,20136.75,20145.75,672
2025-05-09 14:08:00,20144.75,20153.25,20144.25,20151.25,361
2025-05-09 14:09:00,20150.75,20155.0,20145.25,20146.25,342
2025-05-09 14:10:00,20146.0,20146.25,20133.0,20134.75,564
2025-05-09 14:11:00,20134.5,20142.25,20131.5,20139.0,672
2025-05-09 14:12:00,20138.75,20142.25,20135.0,20137.75,489
2025-05-09 14:13:00,20136.75,20139.75,20134.5,20139.25,262
2025-05-09 14:14:00,20139.5,20145.25,20134.75,20142.75,380
2025-05-09 14:15:00,20142.5,20143.75,20139.5,20140.5,231
2025-05-09 14:16:00,20140.0,20150.0,20137.5,20144.5,477
2025-05-09 14:17:00,20144.5,20149.25,20136.0,20137.0,433
2025-05-09 14:18:00,20136.25,20136.5,20114.0,20114.25,1360
2025-05-09 14:19:00,20114.0,20124.75,20110.0,20123.5,1258
2025-05-09 14:20:00,20122.75,20128.0,20117.5,20123.5,481
2025-05-09 14:21:00,20123.25,20132.25,20120.25,20127.75,655
2025-05-09 14:22:00,20128.5,20135.25,20121.0,20121.0,514
2025-05-09 14:23:00,20120.75,20128.0,20116.75,20125.25,585
2025-05-09 14:24:00,20126.0,20129.0,20121.25,20127.75,218
2025-05-09 14:25:00,20127.75,20132.75,20123.0,20131.5,355
2025-05-09 14:26:00,20130.75,20135.0,20128.75,20132.0,356
2025-05-09 14:27:00,20131.75,20134.5,20125.5,20129.75,364
2025-05-09 14:28:00,20129.0,20131.5,20125.75,20130.5,190
2025-05-09 14:29:00,20130.5,20130.5,20118.25,20124.25,475
2025-05-09 14:30:00,20124.5,20126.75,20119.75,20124.25,252
2025-05-09 14:31:00,20123.75,20127.25,20118.5,20124.75,473
2025-05-09 14:32:00,20124.25,20136.75,20123.5,20136.0,627
2025-05-09 14:33:00,20136.0,20144.5,20133.0,20140.25,676
2025-05-09 14:34:00,20140.0,20142.25,20134.5,20138.0,383
2025-05-09 14:35:00,20139.0,20142.25,20134.5,20139.75,286
2025-05-09 14:36:00,20139.75,20141.25,20127.75,20128.25,419
2025-05-09 14:37:00,20128.0,20132.5,20121.0,20132.5,591
2025-05-09 14:38:00,20132.5,20135.25,20129.25,20131.0,239
2025-05-09 14:39:00,20131.5,20137.25,20126.75,20129.0,271
2025-05-09 14:40:00,20129.5,20132.75,20124.25,20132.75,311
2025-05-09 14:41:00,20133.25,20138.0,20129.0,20137.5,370
2025-05-09 14:42:00,20138.0,20139.5,20127.5,20128.5,406
2025-05-09 14:43:00,20128.75,20133.5,20126.75,20130.75,389
2025-05-09 14:44:00,20131.0,20132.0,20125.0,20127.25,274
2025-05-09 14:45:00,20127.75,20130.75,20125.25,20128.5,165
2025-05-09 14:46:00,20128.25,20134.25,20125.25,20132.5,235
2025-05-09 14:47:00,20134.0,20136.75,20129.75,20133.75,235
2025-05-09 14:48:00,20133.75,20143.25,20133.5,20143.25,476
2025-05-09 14:49:00,20143.25,20146.25,20140.0,20143.25,610
2025-05-09 14:50:00,20142.75,20145.0,20140.75,20142.25,215
2025-05-09 14:51:00,20142.75,20153.5,20142.0,20150.75,740
2025-05-09 14:52:00,20151.0,20152.0,20135.5,20143.0,827
2025-05-09 14:53:00,20142.25,20144.25,20129.5,20132.0,536
2025-05-09 14:54:00,20132.0,20140.75,20131.25,20137.25,354
2025-05-09 14:55:00,20138.0,20141.25,20132.75,20139.5,345
2025-05-09 14:56:00,20139.75,20142.75,20135.25,20136.75,261
2025-05-09 14:57:00,20137.25,20145.25,20137.25,20143.25,326
2025-05-09 14:58:00,20144.0,20146.75,20141.0,20143.75,313
2025-05-09 14:59:00,20143.0,20145.75,20142.0,20145.5,195
2025-05-09 15:00:00,20144.75,20146.5,20140.0,20141.5,361
2025-05-09 15:01:00,20141.25,20151.5,20140.75,20144.0,713
2025-05-09 15:02:00,20144.25,20148.25,20139.75,20145.75,502
2025-05-09 15:03:00,20146.75,20150.5,20140.75,20148.25,287
2025-05-09 15:04:00,20148.0,20158.5,20147.25,20156.75,645
2025-05-09 15:05:00,20157.0,20158.0,20148.25,20155.5,500
2025-05-09 15:06:00,20156.0,20159.0,20154.5,20156.0,332
2025-05-09 15:07:00,20156.0,20157.0,20149.25,20153.75,450
2025-05-09 15:08:00,20154.25,20164.25,20151.75,20162.25,691
2025-05-09 15:09:00,20162.5,20178.25,20162.25,20174.5,1562
2025-05-09 15:10:00,20175.25,20183.75,20173.0,20175.75,1141
2025-05-09 15:11:00,20176.5,20185.5,20176.25,20183.5,862
2025-05-09 15:12:00,20183.75,20185.5,20175.75,20177.75,584
2025-05-09 15:13:00,20178.0,20181.25,20170.75,20175.0,539
2025-05-09 15:14:00,20175.25,20175.5,20166.25,20167.0,627
2025-05-09 15:15:00,20167.25,20168.75,20155.75,20167.75,1034
2025-05-09 15:16:00,20168.0,20170.25,20163.5,20166.5,543
2025-05-09 15:17:00,20165.75,20169.25,20155.25,20168.75,776
2025-05-09 15:18:00,20168.5,20169.25,20160.5,20160.5,261
2025-05-09 15:19:00,20160.5,20166.5,20156.25,20165.5,402
2025-05-09 15:20:00,20165.25,20172.5,20164.0,20170.25,403
2025-05-09 15:21:00,20170.0,20174.5,20162.0,20163.0,556
2025-05-09 15:22:00,20163.75,20164.25,20143.5,20150.25,1335
2025-05-09 15:23:00,20150.25,20152.75,20146.75,20152.0,562
2025-05-09 15:24:00,20151.0,20160.25,20149.75,20156.75,558
2025-05-09 15:25:00,20155.75,20162.0,20152.75,20159.5,382
2025-05-09 15:26:00,20160.25,20165.0,20155.0,20155.5,400
2025-05-09 15:27:00,20155.25,20161.75,20153.5,20154.5,338
2025-05-09 15:28:00,20154.75,20164.75,20154.0,20157.75,578
2025-05-09 15:29:00,20157.25,20162.5,20156.75,20158.75,219
2025-05-09 15:30:00,20158.25,20163.0,20155.5,20157.0,339
2025-05-09 15:31:00,20157.25,20159.5,20137.75,20139.0,1322
2025-05-09 15:32:00,20138.75,20142.25,20127.75,20137.0,1282
2025-05-09 15:33:00,20136.75,20152.5,20132.5,20150.75,1052
2025-05-09 15:34:00,20150.5,20169.5,20150.25,20159.25,1615
2025-05-09 15:35:00,20159.5,20167.25,20149.0,20165.0,1052
2025-05-09 15:36:00,20164.0,20171.25,20161.25,20161.25,710
2025-05-09 15:37:00,20161.0,20162.25,20155.75,20158.25,356
2025-05-09 15:38:00,20158.75,20159.25,20146.75,20150.75,585
2025-05-09 15:39:00,20150.75,20157.5,20148.25,20151.5,494
2025-05-09 15:40:00,20152.25,20156.75,20151.0,20152.5,306
2025-05-09 15:41:00,20153.0,20156.25,20150.5,20154.25,310
2025-05-09 15:42:00,20154.75,20156.5,20148.0,20153.5,432
2025-05-09 15:43:00,20153.0,20158.75,20151.0,20158.25,504
2025-05-09 15:44:00,20158.0,20164.5,20157.75,20163.25,560
2025-05-09 15:45:00,20163.5,20163.5,20154.5,20160.75,464
2025-05-09 15:46:00,20160.25,20162.0,20139.5,20139.75,863
2025-05-09 15:47:00,20139.25,20148.0,20135.0,20145.25,1185
2025-05-09 15:48:00,20145.75,20149.75,20133.25,20137.75,686
2025-05-09 15:49:00,20137.25,20144.0,20135.75,20137.0,508
2025-05-09 15:50:00,20136.5,20145.75,20132.25,20142.75,683
2025-05-09 15:51:00,20142.5,20165.0,20142.5,20154.5,1602
2025-05-09 15:52:00,20155.5,20156.25,20145.75,20148.75,571
2025-05-09 15:53:00,20148.75,20154.25,20141.5,20148.5,553
2025-05-09 15:54:00,20147.75,20156.0,20144.0,20156.0,459
2025-05-09 15:55:00,20156.0,20169.25,20151.5,20165.5,1443
2025-05-09 15:56:00,20165.5,20166.0,20134.0,20139.0,2169
2025-05-09 15:57:00,20138.75,20141.25,20130.75,20135.75,900
2025-05-09 15:58:00,20136.0,20143.5,20134.25,20141.25,952
2025-05-09 15:59:00,20140.25,20141.25,20133.5,20137.75,1137
2025-05-09 16:00:00,20137.5,20146.25,20131.5,20136.25,4598
2025-05-09 16:01:00,20136.25,20141.0,20124.0,20140.0,2741
2025-05-09 16:02:00,20139.75,20146.0,20137.5,20140.5,1075
2025-05-09 16:03:00,20140.0,20142.75,20137.75,20138.5,381
2025-05-09 16:04:00,20138.25,20142.75,20135.25,20142.25,425
2025-05-09 16:05:00,20142.25,20146.5,20142.0,20144.5,372
2025-05-09 16:06:00,20144.75,20149.25,20142.25,20144.0,457
2025-05-09 16:07:00,20143.75,20147.75,20143.25,20143.5,223
2025-05-09 16:08:00,20143.5,20143.5,20132.75,20132.75,364
2025-05-09 16:09:00,20132.75,20135.25,20130.5,20134.75,519
2025-05-09 16:10:00,20135.0,20138.5,20132.25,20136.75,256
2025-05-09 16:11:00,20136.75,20139.5,20134.5,20134.5,181
2025-05-09 16:12:00,20134.25,20136.25,20129.0,20135.25,227
2025-05-09 16:13:00,20134.75,20135.0,20128.75,20133.0,247
2025-05-09 16:14:00,20132.75,20132.75,20128.5,20129.5,233
2025-05-09 16:15:00,20130.0,20133.0,20127.0,20132.75,295
2025-05-09 16:16:00,20131.5,20131.75,20128.25,20129.75,124
2025-05-09 16:17:00,20129.0,20134.25,20128.0,20133.25,149
2025-05-09 16:18:00,20133.5,20138.0,20133.5,20135.5,158
2025-05-09 16:19:00,20135.25,20137.25,20133.75,20136.0,98
2025-05-09 16:20:00,20135.5,20136.5,20134.75,20134.75,39
2025-05-09 16:21:00,20135.5,20138.5,20135.5,20137.75,87
2025-05-09 16:22:00,20137.25,20138.0,20134.75,20135.75,121
2025-05-09 16:23:00,20135.5,20135.5,20130.75,20132.25,135
2025-05-09 16:24:00,20132.25,20138.25,20132.25,20138.25,70
2025-05-09 16:25:00,20138.5,20139.25,20133.25,20134.0,89
2025-05-09 16:26:00,20133.5,20134.0,20126.75,20127.0,118
2025-05-09 16:27:00,20128.0,20131.5,20127.5,20130.75,104
2025-05-09 16:28:00,20129.75,20129.75,20126.75,20127.5,81
2025-05-09 16:29:00,20127.75,20129.5,20127.75,20129.0,37
2025-05-09 16:30:00,20129.0,20129.5,20125.25,20125.75,94
2025-05-09 16:31:00,20125.25,20129.75,20124.25,20128.75,130
2025-05-09 16:32:00,20128.25,20129.5,20123.5,20124.25,107
2025-05-09 16:33:00,20123.25,20123.25,20120.5,20122.5,98
2025-05-09 16:34:00,20122.25,20124.25,20120.5,20123.5,98
2025-05-09 16:35:00,20123.0,20125.0,20121.5,20124.25,58
2025-05-09 16:36:00,20123.5,20126.0,20123.5,20126.0,61
2025-05-09 16:37:00,20126.5,20128.0,20125.0,20127.0,68
2025-05-09 16:38:00,20127.0,20127.5,20125.0,20126.25,49
2025-05-09 16:39:00,20127.0,20132.5,20125.25,20131.25,156
2025-05-09 16:40:00,20131.75,20133.0,20128.0,20133.0,153
2025-05-09 16:41:00,20133.0,20133.5,20129.5,20132.25,37
2025-05-09 16:42:00,20132.25,20134.25,20131.75,20133.25,56
2025-05-09 16:43:00,20134.25,20134.5,20132.5,20133.0,94
2025-05-09 16:44:00,20132.75,20133.0,20131.25,20132.0,40
2025-05-09 16:45:00,20132.0,20132.0,20127.0,20131.25,215
2025-05-09 16:46:00,20130.5,20132.5,20127.5,20130.25,90
2025-05-09 16:47:00,20130.0,20133.5,20129.5,20132.75,44
2025-05-09 16:48:00,20131.75,20131.75,20129.25,20129.5,69
2025-05-09 16:49:00,20129.25,20132.25,20127.75,20131.25,181
2025-05-09 16:50:00,20131.25,20132.75,20130.75,20131.75,49
2025-05-09 16:51:00,20131.75,20133.0,20130.75,20132.5,116
2025-05-09 16:52:00,20132.0,20132.0,20128.75,20129.0,42
2025-05-09 16:53:00,20129.0,20134.75,20128.75,20133.75,172
2025-05-09 16:54:00,20134.5,20139.0,20134.5,20138.75,180
2025-05-09 16:55:00,20139.25,20146.75,20138.0,20143.75,359
2025-05-09 16:56:00,20143.0,20144.25,20137.5,20138.5,138
2025-05-09 16:57:00,20138.0,20141.0,20138.0,20139.75,87
2025-05-09 16:58:00,20139.25,20142.0,20139.0,20140.5,106
2025-05-09 16:59:00,20140.0,20142.0,20139.25,20140.5,272
2025-05-09 17:00:00,20140.0,20147.0,20139.25,20146.5,237
